-- phpMyAdmin SQL Dump
-- version 5.0.2
-- https://www.phpmyadmin.net/
--
-- Host: 127.0.0.1
-- Generation Time: Feb 26, 2022 at 06:22 AM
-- Server version: 10.4.11-MariaDB
-- PHP Version: 7.4.6

SET SQL_MODE = "NO_AUTO_VALUE_ON_ZERO";
START TRANSACTION;
SET time_zone = "+00:00";


/*!40101 SET @OLD_CHARACTER_SET_CLIENT=@@CHARACTER_SET_CLIENT */;
/*!40101 SET @OLD_CHARACTER_SET_RESULTS=@@CHARACTER_SET_RESULTS */;
/*!40101 SET @OLD_COLLATION_CONNECTION=@@COLLATION_CONNECTION */;
/*!40101 SET NAMES utf8mb4 */;

--
-- Database: `skripsi_smart_lara`
--

-- --------------------------------------------------------

--
-- Table structure for table `arcategory`
--

CREATE TABLE `arcategory` (
  `id_arcategory` bigint(20) NOT NULL,
  `id_artikel` bigint(20) NOT NULL,
  `kategori` varchar(250) NOT NULL,
  `updated_at` timestamp NOT NULL DEFAULT current_timestamp(),
  `created_at` timestamp NOT NULL DEFAULT current_timestamp()
) ENGINE=InnoDB DEFAULT CHARSET=utf8mb4;

--
-- Dumping data for table `arcategory`
--

INSERT INTO `arcategory` (`id_arcategory`, `id_artikel`, `kategori`, `updated_at`, `created_at`) VALUES
(1, 5, 'edukasi', '2022-02-24 05:09:59', '2022-02-24 05:09:59'),
(2, 5, 'basic', '2022-02-24 05:10:33', '2022-02-24 05:10:33'),
(3, 6, 'Airdrop', '2022-02-25 07:17:44', '2022-02-25 07:17:44'),
(5, 6, 'Gratis', '2022-02-26 05:04:05', '2022-02-26 05:04:05');

-- --------------------------------------------------------

--
-- Table structure for table `artikel`
--

CREATE TABLE `artikel` (
  `id_artikel` bigint(20) NOT NULL,
  `slug` varchar(250) NOT NULL,
  `judul` varchar(50) NOT NULL,
  `gambar_sampul` varchar(250) NOT NULL,
  `isi` text NOT NULL,
  `author` varchar(255) NOT NULL,
  `updated_at` timestamp NOT NULL DEFAULT current_timestamp(),
  `created_at` timestamp NOT NULL DEFAULT current_timestamp()
) ENGINE=InnoDB DEFAULT CHARSET=utf8mb4;

--
-- Dumping data for table `artikel`
--

INSERT INTO `artikel` (`id_artikel`, `slug`, `judul`, `gambar_sampul`, `isi`, `author`, `updated_at`, `created_at`) VALUES
(5, 'apa-itu-cryptocurrency-220218051104', 'Apa itu Cryptocurrency?', '18022022171104__douardLeonCort_sTutt\'Art@(10).jpg', '<p><em>Cryptocurrency adalah</em>&nbsp;mata uang digital atau virtual yang dijamin dengan kriptografi, yang membuatnya hampir tidak mungkin untuk dipalsukan atau digandakan.</p>\r\n\r\n<p><img alt=\"\" src=\"http://localhost:8000/images/Screenshot_1_1645179014.jpg\" style=\"height:626px; width:663px\" /></p>\r\n\r\n<p>Dan pastinya aman</p>\r\n\r\n<p><img alt=\"\" src=\"http://localhost:8000/images/sync_1645179043.jpg\" style=\"height:357px; width:500px\" /></p>\r\n\r\n<p>&nbsp;</p>\r\n\r\n<h1>END OF TEXT</h1>', 'Ardan Anjung', '2022-02-18 10:11:04', '2022-02-18 10:11:04'),
(6, 'sorex-airdrop-220226120405', 'Sorex Airdrop', 'noimg.jpg', '<p><strong>🤑Sorex Airdrop</strong><br />\r\n🏷 Reward : 25 Sorex ( For All )<br />\r\nRegister : <a href=\"https://t.me/SOREX_Official_BOT?start=r00809679714\">https://t.me/SOREX_Official_BOT?start=r00809679714</a><br />\r\n➖ Join Telegram&nbsp;<br />\r\n➖ Follow Twitter &amp; Retweet&nbsp;<br />\r\n➖ Complete Another Task&nbsp;<br />\r\n➖ Submit Details&nbsp;<br />\r\n➖ Done&nbsp;</p>', 'Ardan Anjung', '2022-02-26 05:22:04', '2022-02-25 07:17:44');

-- --------------------------------------------------------

--
-- Table structure for table `crypto_wallet`
--

CREATE TABLE `crypto_wallet` (
  `id_wallet` bigint(20) UNSIGNED NOT NULL,
  `nama_wallet` varchar(255) COLLATE utf8mb4_unicode_ci NOT NULL,
  `ukuran_aplikasi` double(8,2) NOT NULL,
  `nft_showcase` int(11) NOT NULL,
  `rating` double(8,2) NOT NULL,
  `platform_support` int(11) NOT NULL,
  `total_user_install` int(11) NOT NULL,
  `last_update_data` date NOT NULL,
  `link_playstore` varchar(255) COLLATE utf8mb4_unicode_ci NOT NULL,
  `created_at` timestamp NULL DEFAULT NULL,
  `updated_at` timestamp NULL DEFAULT NULL
) ENGINE=InnoDB DEFAULT CHARSET=utf8mb4 COLLATE=utf8mb4_unicode_ci;

--
-- Dumping data for table `crypto_wallet`
--

INSERT INTO `crypto_wallet` (`id_wallet`, `nama_wallet`, `ukuran_aplikasi`, `nft_showcase`, `rating`, `platform_support`, `total_user_install`, `last_update_data`, `link_playstore`, `created_at`, `updated_at`) VALUES
(1, 'Trust Wallet', 13.33, 1, 4.70, 2, 10000000, '2021-11-17', 'https://play.google.com/store/apps/details?id=com.wallet.crypto.trustapp', '2022-01-18 06:03:31', '2022-01-18 06:03:31'),
(2, 'Safepal', 32.28, 1, 4.40, 3, 500000, '2021-11-17', 'https://play.google.com/store/apps/details?id=io.safepal.wallet', '2022-01-18 00:12:28', '2022-01-18 00:12:28'),
(3, 'Enjin Wallet', 32.18, 1, 4.40, 2, 1000000, '2021-11-17', 'https://play.google.com/store/apps/details?id=com.enjin.mobile.wallet', '2022-01-18 07:16:19', '2022-01-18 07:16:19'),
(4, 'TokenPocket', 33.12, 0, 4.30, 3, 1000000, '2021-11-17', 'https://play.google.com/store/apps/details?id=vip.mytokenpocket', '2022-01-18 07:17:39', '2022-01-18 07:17:39'),
(5, 'imToken', 81.54, 1, 4.20, 2, 500000, '2021-11-17', 'https://play.google.com/store/apps/details?id=im.token.app', '2022-01-20 15:33:57', '2022-01-20 15:33:57'),
(6, 'TronLink Wallet', 30.79, 0, 4.30, 2, 1000000, '2021-11-17', 'https://play.google.com/store/apps/details?id=com.tronlinkpro.wallet', '2022-01-20 15:34:30', '2022-01-20 15:34:30'),
(7, 'MyEtherWallet (MEW)', 43.81, 0, 4.40, 3, 500000, '2021-11-17', 'https://play.google.com/store/apps/details?id=com.myetherwallet.mewwallet', '2022-01-20 15:35:02', '2022-01-20 15:35:02'),
(8, 'ZilPay', 35.00, 0, 3.70, 3, 100000, '2021-11-17', 'https://play.google.com/store/apps/details?id=com.zilpaymobile', '2022-01-20 15:35:38', '2022-01-20 15:35:38'),
(9, 'Coin98 Wallet', 29.79, 1, 4.20, 4, 100000, '2021-11-17', 'https://play.google.com/store/apps/details?id=coin98.crypto.finance.media', '2022-01-20 15:36:10', '2022-01-20 15:36:10'),
(10, 'XUMM', 30.00, 0, 4.80, 2, 100000, '2021-11-17', 'https://play.google.com/store/apps/details?id=com.xrpllabs.xumm', '2022-01-20 15:56:03', '2022-01-20 15:56:03'),
(11, 'Solflare', 13.00, 1, 4.60, 3, 10000, '2021-11-17', 'https://play.google.com/store/apps/details?id=com.solflare.mobile', '2022-01-20 15:56:36', '2022-01-20 15:56:36'),
(12, 'Algorand Wallet', 28.00, 0, 4.70, 2, 100000, '2021-11-17', 'https://play.google.com/store/apps/details?id=com.algorand.android', '2022-01-20 15:57:07', '2022-01-20 15:57:07'),
(13, 'Slope Wallet', 57.00, 1, 4.50, 3, 50000, '2021-12-15', 'https://play.google.com/store/apps/details?id=com.wd.wallet', '2022-01-20 15:57:51', '2022-01-20 15:57:51'),
(14, 'Maiar Wallet', 68.00, 0, 4.20, 2, 500000, '2021-12-15', 'https://play.google.com/store/apps/details?id=com.elrond.maiar.wallet', '2022-01-20 15:58:17', '2022-01-20 15:58:17'),
(16, 'Terra Station', 74.00, 0, 4.60, 4, 100000, '2022-01-27', 'https://play.google.com/store/apps/details?id=money.terra.station', '2022-01-27 14:24:58', '2022-01-27 14:24:58'),
(17, 'LOBSTR', 34.00, 0, 4.80, 2, 100000, '2022-01-29', 'https://play.google.com/store/apps/details?id=com.lobstr.client', '2022-01-29 06:22:17', '2022-01-29 06:22:17'),
(18, 'Polkawallet', 67.00, 0, 3.70, 2, 50000, '2022-01-29', 'https://play.google.com/store/apps/details?id=io.polkawallet.www.polka_wallet', '2022-01-29 06:32:41', '2022-01-29 06:32:41'),
(19, 'Huobi Wallet', 91.00, 1, 4.00, 2, 500000, '2022-01-29', 'https://play.google.com/store/apps/details?id=com.huobionchainwallet.gp', '2022-01-29 07:01:17', '2022-01-29 07:01:17');

-- --------------------------------------------------------

--
-- Table structure for table `failed_jobs`
--

CREATE TABLE `failed_jobs` (
  `id` bigint(20) UNSIGNED NOT NULL,
  `connection` text COLLATE utf8mb4_unicode_ci NOT NULL,
  `queue` text COLLATE utf8mb4_unicode_ci NOT NULL,
  `payload` longtext COLLATE utf8mb4_unicode_ci NOT NULL,
  `exception` longtext COLLATE utf8mb4_unicode_ci NOT NULL,
  `failed_at` timestamp NOT NULL DEFAULT current_timestamp()
) ENGINE=InnoDB DEFAULT CHARSET=utf8mb4 COLLATE=utf8mb4_unicode_ci;

-- --------------------------------------------------------

--
-- Table structure for table `jenis_coin`
--

CREATE TABLE `jenis_coin` (
  `id_jenis_coin` bigint(20) UNSIGNED NOT NULL,
  `nama_coin` varchar(255) COLLATE utf8mb4_unicode_ci NOT NULL,
  `singkatan_coin` varchar(255) COLLATE utf8mb4_unicode_ci NOT NULL,
  `created_at` timestamp NULL DEFAULT NULL,
  `updated_at` timestamp NULL DEFAULT NULL
) ENGINE=InnoDB DEFAULT CHARSET=utf8mb4 COLLATE=utf8mb4_unicode_ci;

--
-- Dumping data for table `jenis_coin`
--

INSERT INTO `jenis_coin` (`id_jenis_coin`, `nama_coin`, `singkatan_coin`, `created_at`, `updated_at`) VALUES
(2, 'Aeternity', 'AE', '2022-01-19 16:01:13', '2022-01-19 16:01:13'),
(3, 'Aion', 'AION', '2022-01-19 16:01:21', '2022-01-19 16:01:21'),
(4, 'Algorand', 'ALGO', '2022-01-19 16:01:27', '2022-01-19 16:01:27'),
(5, 'Arbitrum', 'ARETH', '2022-01-19 16:01:38', '2022-01-19 16:01:38'),
(6, 'Avalanche', 'AVAX', '2022-01-19 16:01:47', '2022-01-19 16:01:47'),
(7, 'Band Protocol', 'BAND', '2022-01-19 16:01:55', '2022-01-19 16:01:55'),
(8, 'Binance Coin BEP-2', 'BNB (BEP-2)', '2022-01-19 16:02:38', '2022-01-19 16:02:38'),
(9, 'Binance Coin BEP-20', 'BNB (BEP-20)', '2022-01-19 16:02:51', '2022-01-19 16:02:51'),
(10, 'Bitcoin Cash', 'BCH', '2022-01-19 16:22:26', '2022-01-19 16:22:26'),
(11, 'Boba Network', 'BOBA', '2022-01-19 16:22:48', '2022-01-19 16:22:48'),
(12, 'BOScoin', 'BOS', '2022-01-19 16:23:04', '2022-01-19 16:23:04'),
(13, 'Callisto', 'CLO', '2022-01-19 16:23:14', '2022-01-19 16:23:14'),
(14, 'Celo', 'CELO', '2022-01-19 16:23:36', '2022-01-19 16:23:36'),
(15, 'Cosmos', 'ATOM', '2022-01-19 16:23:45', '2022-01-19 16:23:45'),
(16, 'Cronos Coin', 'CRO', '2022-01-19 16:23:53', '2022-01-19 16:23:53'),
(17, 'Dash', 'DASH', '2022-01-19 16:24:08', '2022-01-19 16:24:08'),
(18, 'Decred', 'DCR', '2022-01-19 16:24:19', '2022-01-19 16:24:19'),
(19, 'Digibyte', 'DGB', '2022-01-19 16:24:30', '2022-01-19 16:24:30'),
(20, 'Dogecoin', 'DOGE', '2022-01-19 16:24:39', '2022-01-19 16:24:39'),
(21, 'eGold', 'EGOLD', '2022-01-19 16:24:48', '2022-01-19 16:24:48'),
(22, 'EOS', 'EOS', '2022-01-19 16:24:57', '2022-01-19 16:24:57'),
(23, 'Ethereum', 'ETH', '2022-01-20 07:10:42', '2022-01-20 07:10:42'),
(24, 'Ethereum Classic', 'ETC', '2022-01-20 07:10:52', '2022-01-20 07:10:52'),
(25, 'Fantom', 'FTM', '2022-01-20 07:11:04', '2022-01-20 07:11:04'),
(26, 'Filecoin', 'FIL', '2022-01-20 07:11:14', '2022-01-20 07:11:14'),
(27, 'Fio', 'FIO', '2022-01-20 07:11:23', '2022-01-20 07:11:23'),
(28, 'Firo', 'FIRO', '2022-01-20 07:11:30', '2022-01-20 07:11:30'),
(29, 'GateChain', 'GT', '2022-01-20 07:11:38', '2022-01-20 07:11:38'),
(30, 'GoChain', 'GO', '2022-01-20 07:11:46', '2022-01-20 07:11:46'),
(31, 'Groestlcoin', 'GRS', '2022-01-20 07:12:08', '2022-01-20 07:12:08'),
(32, 'Harmony', 'ONE', '2022-01-20 07:12:17', '2022-01-20 07:12:17'),
(33, 'Hoo Smart Chain', 'HOO', '2022-01-20 07:12:26', '2022-01-20 07:12:26'),
(34, 'Huobi Eco Chain', 'HECO', '2022-01-20 07:12:42', '2022-01-20 07:12:42'),
(35, 'Huobi Token', 'HT', '2022-01-20 07:12:53', '2022-01-20 07:12:53'),
(36, 'ICON', 'ICX', '2022-01-20 07:13:05', '2022-01-20 07:13:05'),
(37, 'IOST', 'IOST', '2022-01-20 07:13:16', '2022-01-20 07:13:16'),
(38, 'IoTeX', 'IOTX', '2022-01-20 07:13:36', '2022-01-20 07:13:36'),
(39, 'Jingtum Tech', 'SWTC', '2022-01-20 07:13:44', '2022-01-20 07:13:44'),
(40, 'KardiaChain', 'KAI', '2022-01-20 07:13:53', '2022-01-20 07:13:53'),
(41, 'Kava', 'KAVA', '2022-01-20 07:14:06', '2022-01-20 07:14:06'),
(42, 'Kin', 'KIN', '2022-01-20 07:14:15', '2022-01-20 07:14:15'),
(43, 'Klaytn', 'KLAY', '2022-01-20 07:14:24', '2022-01-20 07:14:24'),
(44, 'KuCoin Token', 'KCS', '2022-01-20 07:14:34', '2022-01-20 07:14:34'),
(45, 'Kusama', 'KSM', '2022-01-20 07:14:48', '2022-01-20 07:14:48'),
(46, 'Litecoin', 'LTC', '2022-01-20 07:14:57', '2022-01-20 07:14:57'),
(47, 'MOAC', 'MOAC', '2022-01-20 07:15:06', '2022-01-20 07:15:06'),
(48, 'Nano', 'NANO', '2022-01-20 07:15:14', '2022-01-20 07:15:14'),
(49, 'Near', 'NEAR', '2022-01-20 07:15:23', '2022-01-20 07:15:23'),
(50, 'Nebulas', 'NAS', '2022-01-20 07:15:31', '2022-01-20 07:15:31'),
(51, 'NEO', 'NEO', '2022-01-20 07:15:39', '2022-01-20 07:15:39'),
(52, 'Nervos Network', 'CKB', '2022-01-20 07:15:47', '2022-01-20 07:15:47'),
(53, 'Nimiq', 'NIM', '2022-01-20 07:15:55', '2022-01-20 07:15:55'),
(54, 'OKExChain', 'OKExChain', '2022-01-20 07:16:05', '2022-01-20 07:16:05'),
(55, 'Ontology', 'ONT', '2022-01-20 07:16:20', '2022-01-20 07:16:20'),
(56, 'Optimism', 'OETH', '2022-01-20 07:16:27', '2022-01-20 07:16:27'),
(57, 'Persistance', 'XPRT', '2022-01-20 07:16:35', '2022-01-20 07:16:35'),
(58, 'POA Network', 'POA', '2022-01-20 07:16:43', '2022-01-20 07:16:43'),
(59, 'Polkadot', 'DOT', '2022-01-20 07:16:53', '2022-01-20 07:16:53'),
(60, 'Polygon', 'MATIC', '2022-01-20 07:17:01', '2022-01-20 07:17:01'),
(61, 'Qtum', 'QTUM', '2022-01-20 07:17:11', '2022-01-20 07:17:11'),
(62, 'Ravencoin', 'RVN', '2022-01-20 07:17:20', '2022-01-20 07:17:20'),
(63, 'Ripple', 'XRP', '2022-01-20 07:17:28', '2022-01-20 07:17:28'),
(64, 'Ronin', 'RON', '2022-01-20 07:17:36', '2022-01-20 07:17:36'),
(65, 'Solana', 'SOL', '2022-01-20 07:17:43', '2022-01-20 07:17:43'),
(66, 'Stellar Lumens', 'XLM', '2022-01-20 07:17:54', '2022-01-29 06:24:19'),
(67, 'SubGame', 'SGB', '2022-01-20 07:18:03', '2022-01-20 07:18:03'),
(68, 'Terra', 'LUNA', '2022-01-20 07:18:11', '2022-01-20 07:18:11'),
(69, 'Tezoz', 'XTZ', '2022-01-20 07:18:19', '2022-01-20 07:18:19'),
(70, 'Theta', 'THETA', '2022-01-20 07:18:27', '2022-01-20 07:18:27'),
(71, 'Thorchain', 'RUNE', '2022-01-20 07:18:35', '2022-01-20 07:18:35'),
(72, 'Thunder Token', 'TT', '2022-01-20 07:18:43', '2022-01-20 07:18:43'),
(73, 'TomoChain', 'TOMO', '2022-01-20 07:19:04', '2022-01-20 07:19:04'),
(74, 'TRON', 'TRX', '2022-01-20 07:19:11', '2022-01-20 07:19:11'),
(75, 'VeChain', 'VET', '2022-01-20 07:19:21', '2022-01-20 07:19:21'),
(76, 'Viacoin', 'VIA', '2022-01-20 07:19:31', '2022-01-20 07:19:31'),
(77, 'Wanchain', 'WAN', '2022-01-20 07:19:39', '2022-01-20 07:19:39'),
(78, 'xDai', 'xDai', '2022-01-20 07:19:48', '2022-01-20 07:19:48'),
(79, 'Waves', 'WAVES', '2022-01-20 07:19:56', '2022-01-20 07:19:56'),
(80, 'Zcash', 'ZEC', '2022-01-20 07:20:06', '2022-01-20 07:20:06'),
(81, 'Zelcash', 'ZEL', '2022-01-20 07:20:16', '2022-01-20 07:20:16'),
(82, 'Ziliqa', 'ZIL', '2022-01-20 07:20:26', '2022-01-20 07:20:26'),
(83, 'Bitcoin', 'BTC', '2022-01-20 07:26:32', '2022-01-20 07:26:32'),
(86, 'Acala Token', 'ACA', '2022-01-29 06:41:45', '2022-01-29 06:41:45'),
(87, 'Karura', 'KAR', '2022-01-29 06:45:06', '2022-01-29 06:45:06'),
(88, 'Bifrost', 'BNC', '2022-01-29 06:46:29', '2022-01-29 06:46:29'),
(89, 'ChainX', 'PCX', '2022-01-29 06:46:56', '2022-01-29 06:46:56'),
(90, 'Edgeware', 'EDG', '2022-01-29 06:47:25', '2022-01-29 06:47:25'),
(91, 'Cardano', 'ADA', '2022-01-29 07:12:32', '2022-01-29 07:12:32'),
(92, 'Bitcoin SV', 'BSV', '2022-01-29 07:13:27', '2022-01-29 07:13:27');

-- --------------------------------------------------------

--
-- Table structure for table `jenis_network`
--

CREATE TABLE `jenis_network` (
  `id_jenis_network` bigint(20) UNSIGNED NOT NULL,
  `nama_network` varchar(255) COLLATE utf8mb4_unicode_ci NOT NULL,
  `singkatan_network` varchar(255) COLLATE utf8mb4_unicode_ci NOT NULL,
  `created_at` timestamp NULL DEFAULT NULL,
  `updated_at` timestamp NULL DEFAULT NULL
) ENGINE=InnoDB DEFAULT CHARSET=utf8mb4 COLLATE=utf8mb4_unicode_ci;

--
-- Dumping data for table `jenis_network`
--

INSERT INTO `jenis_network` (`id_jenis_network`, `nama_network`, `singkatan_network`, `created_at`, `updated_at`) VALUES
(1, 'Algorand', 'ALGO', '2022-01-20 14:48:06', '2022-01-20 15:31:09'),
(2, 'Arbitrum', 'ARETH', '2022-01-20 14:48:25', '2022-01-20 14:48:25'),
(3, 'Avalanche', 'AVAX', '2022-01-20 14:48:34', '2022-01-20 14:48:34'),
(4, 'Binance Coin', 'BEP-2', '2022-01-20 14:48:44', '2022-01-20 14:48:44'),
(5, 'Binance Smart Chain', 'BEP-20', '2022-01-20 14:48:56', '2022-01-20 14:48:56'),
(6, 'Bitcoin', 'BTC', '2022-01-20 14:49:07', '2022-01-20 14:49:07'),
(7, 'Bitcoin Cash', 'BCH', '2022-01-20 14:49:15', '2022-01-20 14:49:15'),
(8, 'Boba Network', 'BOBA', '2022-01-20 14:50:05', '2022-01-20 14:50:05'),
(9, 'BOScoin', 'BOS', '2022-01-20 14:55:16', '2022-01-20 14:55:16'),
(10, 'Callisto', 'CLO', '2022-01-20 14:55:24', '2022-01-20 14:55:24'),
(11, 'Celo', 'CELO', '2022-01-20 14:55:34', '2022-01-20 14:55:34'),
(12, 'Cosmos', 'ATOM', '2022-01-20 14:55:49', '2022-01-20 14:55:49'),
(13, 'Cronos Coin', 'CRO', '2022-01-20 15:16:21', '2022-01-20 15:16:21'),
(14, 'Elrond', 'eGold', '2022-01-20 15:16:28', '2022-01-20 15:16:28'),
(15, 'EOS', 'EOS', '2022-01-20 15:16:37', '2022-01-20 15:16:37'),
(16, 'Ethereum', 'ERC-20', '2022-01-20 15:16:43', '2022-01-20 15:16:43'),
(17, 'Ethereum Classic', 'ETC', '2022-01-20 15:16:50', '2022-01-20 15:16:50'),
(18, 'Fantom', 'FTM', '2022-01-20 15:16:56', '2022-01-20 15:16:56'),
(19, 'Filecoin', 'FIL', '2022-01-20 15:17:03', '2022-01-20 15:17:03'),
(20, 'GateChain', 'GT', '2022-01-20 15:17:13', '2022-01-20 15:17:13'),
(21, 'Hoo Smart Chain', 'HOO', '2022-01-20 15:17:23', '2022-01-20 15:17:23'),
(22, 'GoChain', 'GO', '2022-01-20 15:17:29', '2022-01-20 15:17:29'),
(23, 'Huobi Eco Chain', 'HECO', '2022-01-20 15:17:36', '2022-01-20 15:17:36'),
(24, 'IOST', 'IOST', '2022-01-20 15:17:42', '2022-01-20 15:17:42'),
(25, 'Jingtum Tech', 'SWTC', '2022-01-20 15:17:50', '2022-01-20 15:17:50'),
(26, 'KardiaChain', 'KAI', '2022-01-20 15:17:56', '2022-01-20 15:17:56'),
(27, 'Klaytn', 'KLAY', '2022-01-20 15:18:05', '2022-01-20 15:18:05'),
(28, 'KuCoin Token', 'KCS', '2022-01-20 15:18:12', '2022-01-20 15:18:12'),
(29, 'Kusama', 'KSM', '2022-01-20 15:18:21', '2022-01-20 15:18:21'),
(30, 'Litecoin', 'LTC', '2022-01-20 15:18:28', '2022-01-20 15:18:28'),
(31, 'MOAC', 'MOAC', '2022-01-20 15:18:34', '2022-01-20 15:18:34'),
(32, 'Near', 'NEAR', '2022-01-20 15:18:51', '2022-01-20 15:18:51'),
(33, 'Nervos Network', 'CKB', '2022-01-20 15:18:57', '2022-01-20 15:18:57'),
(34, 'OKExChain', 'OKExChain', '2022-01-20 15:19:02', '2022-01-20 15:19:02'),
(35, 'Optimism', 'OETH', '2022-01-20 15:19:09', '2022-01-20 15:19:09'),
(36, 'POA Network', 'POA', '2022-01-20 15:19:18', '2022-01-20 15:19:18'),
(37, 'Polkadot', 'Polkadot', '2022-01-20 15:19:25', '2022-01-20 15:19:25'),
(38, 'Polygon', 'MATIC', '2022-01-20 15:19:31', '2022-01-20 15:19:31'),
(39, 'Ripple', 'XRP', '2022-01-20 15:19:36', '2022-01-20 15:19:36'),
(40, 'Ronin', 'RON', '2022-01-20 15:19:42', '2022-01-20 15:19:42'),
(41, 'Solana', 'SOL', '2022-01-20 15:19:50', '2022-01-20 15:19:50'),
(42, 'SubGame', 'SGB', '2022-01-20 15:19:56', '2022-01-20 15:19:56'),
(43, 'Tezoz', 'XTZ', '2022-01-20 15:20:03', '2022-01-20 15:20:03'),
(44, 'Thunder Token', 'TT', '2022-01-20 15:20:10', '2022-01-20 15:20:10'),
(45, 'TomoChain', 'TOMO', '2022-01-20 15:20:18', '2022-01-20 15:20:18'),
(46, 'TRON', 'TRX', '2022-01-20 15:20:26', '2022-01-20 15:20:26'),
(47, 'xDai', 'xDai', '2022-01-20 15:20:32', '2022-01-20 15:20:32'),
(48, 'Ziliqa', 'ZIL', '2022-01-20 15:20:38', '2022-01-20 15:20:38'),
(51, 'Terra', 'LUNA', '2022-01-27 14:25:55', '2022-01-27 14:25:55'),
(52, 'Stellar Lumens', 'XLM', '2022-01-29 06:23:56', '2022-01-29 06:23:56'),
(53, 'Acala', 'ACA', '2022-01-29 06:41:57', '2022-01-29 06:41:57'),
(54, 'Karura', 'KAR', '2022-01-29 06:45:01', '2022-01-29 06:45:01'),
(55, 'Bifrost', 'BNC', '2022-01-29 06:46:19', '2022-01-29 06:46:19'),
(56, 'ChainX', 'PCX', '2022-01-29 06:46:52', '2022-01-29 06:46:52'),
(57, 'Edgeware', 'EDG', '2022-01-29 06:47:21', '2022-01-29 06:47:21');

-- --------------------------------------------------------

--
-- Table structure for table `migrations`
--

CREATE TABLE `migrations` (
  `id` int(10) UNSIGNED NOT NULL,
  `migration` varchar(255) COLLATE utf8mb4_unicode_ci NOT NULL,
  `batch` int(11) NOT NULL
) ENGINE=InnoDB DEFAULT CHARSET=utf8mb4 COLLATE=utf8mb4_unicode_ci;

--
-- Dumping data for table `migrations`
--

INSERT INTO `migrations` (`id`, `migration`, `batch`) VALUES
(27, '2014_10_12_000000_create_users_table', 1),
(28, '2014_10_12_100000_create_password_resets_table', 1),
(29, '2019_08_19_000000_create_failed_jobs_table', 1),
(30, '2022_01_16_091822_create_permission_tables', 1),
(31, '2022_01_17_152757_create_crypto_wallet_table', 1),
(32, '2022_01_17_152912_create_jenis_coin_table', 1),
(33, '2022_01_17_152925_create_jenis_network_table', 1),
(34, '2022_01_17_153056_create_wallet_coin_table', 1),
(35, '2022_01_17_153113_create_wallet_network_table', 1);

-- --------------------------------------------------------

--
-- Table structure for table `model_has_permissions`
--

CREATE TABLE `model_has_permissions` (
  `permission_id` bigint(20) UNSIGNED NOT NULL,
  `model_type` varchar(255) COLLATE utf8mb4_unicode_ci NOT NULL,
  `model_id` bigint(20) UNSIGNED NOT NULL
) ENGINE=InnoDB DEFAULT CHARSET=utf8mb4 COLLATE=utf8mb4_unicode_ci;

-- --------------------------------------------------------

--
-- Table structure for table `model_has_roles`
--

CREATE TABLE `model_has_roles` (
  `role_id` bigint(20) UNSIGNED NOT NULL,
  `model_type` varchar(255) COLLATE utf8mb4_unicode_ci NOT NULL,
  `model_id` bigint(20) UNSIGNED NOT NULL
) ENGINE=InnoDB DEFAULT CHARSET=utf8mb4 COLLATE=utf8mb4_unicode_ci;

--
-- Dumping data for table `model_has_roles`
--

INSERT INTO `model_has_roles` (`role_id`, `model_type`, `model_id`) VALUES
(2, 'App\\User', 1);

-- --------------------------------------------------------

--
-- Table structure for table `password_resets`
--

CREATE TABLE `password_resets` (
  `email` varchar(255) COLLATE utf8mb4_unicode_ci NOT NULL,
  `token` varchar(255) COLLATE utf8mb4_unicode_ci NOT NULL,
  `created_at` timestamp NULL DEFAULT NULL
) ENGINE=InnoDB DEFAULT CHARSET=utf8mb4 COLLATE=utf8mb4_unicode_ci;

-- --------------------------------------------------------

--
-- Table structure for table `permissions`
--

CREATE TABLE `permissions` (
  `id` bigint(20) UNSIGNED NOT NULL,
  `name` varchar(255) COLLATE utf8mb4_unicode_ci NOT NULL,
  `guard_name` varchar(255) COLLATE utf8mb4_unicode_ci NOT NULL,
  `created_at` timestamp NULL DEFAULT NULL,
  `updated_at` timestamp NULL DEFAULT NULL
) ENGINE=InnoDB DEFAULT CHARSET=utf8mb4 COLLATE=utf8mb4_unicode_ci;

-- --------------------------------------------------------

--
-- Table structure for table `roles`
--

CREATE TABLE `roles` (
  `id` bigint(20) UNSIGNED NOT NULL,
  `name` varchar(255) COLLATE utf8mb4_unicode_ci NOT NULL,
  `guard_name` varchar(255) COLLATE utf8mb4_unicode_ci NOT NULL,
  `created_at` timestamp NULL DEFAULT NULL,
  `updated_at` timestamp NULL DEFAULT NULL
) ENGINE=InnoDB DEFAULT CHARSET=utf8mb4 COLLATE=utf8mb4_unicode_ci;

--
-- Dumping data for table `roles`
--

INSERT INTO `roles` (`id`, `name`, `guard_name`, `created_at`, `updated_at`) VALUES
(1, 'admin', 'web', '2022-01-17 08:45:24', '2022-01-17 08:45:24'),
(2, 'superadmin', 'web', '2022-01-17 08:45:24', '2022-01-17 08:45:24');

-- --------------------------------------------------------

--
-- Table structure for table `role_has_permissions`
--

CREATE TABLE `role_has_permissions` (
  `permission_id` bigint(20) UNSIGNED NOT NULL,
  `role_id` bigint(20) UNSIGNED NOT NULL
) ENGINE=InnoDB DEFAULT CHARSET=utf8mb4 COLLATE=utf8mb4_unicode_ci;

-- --------------------------------------------------------

--
-- Table structure for table `users`
--

CREATE TABLE `users` (
  `id` bigint(20) UNSIGNED NOT NULL,
  `name` varchar(255) COLLATE utf8mb4_unicode_ci NOT NULL,
  `alamat` varchar(255) COLLATE utf8mb4_unicode_ci NOT NULL,
  `no_hp` varchar(255) COLLATE utf8mb4_unicode_ci NOT NULL,
  `username` varchar(255) COLLATE utf8mb4_unicode_ci NOT NULL,
  `email` varchar(255) COLLATE utf8mb4_unicode_ci NOT NULL,
  `email_verified_at` timestamp NULL DEFAULT NULL,
  `password` varchar(255) COLLATE utf8mb4_unicode_ci NOT NULL,
  `remember_token` varchar(100) COLLATE utf8mb4_unicode_ci DEFAULT NULL,
  `created_at` timestamp NULL DEFAULT NULL,
  `updated_at` timestamp NULL DEFAULT NULL
) ENGINE=InnoDB DEFAULT CHARSET=utf8mb4 COLLATE=utf8mb4_unicode_ci;

--
-- Dumping data for table `users`
--

INSERT INTO `users` (`id`, `name`, `alamat`, `no_hp`, `username`, `email`, `email_verified_at`, `password`, `remember_token`, `created_at`, `updated_at`) VALUES
(1, 'Ardan Anjung', 'Bojonegoro', '085212345678', 'ardan', 'ardan@gmail.com', NULL, '$2y$10$sErCMUjG21eoyBTWcKJC5u7YY41mWTJcw9Qhxlqwo9wLrP1I4Cbim', NULL, '2022-01-17 08:45:24', '2022-01-17 08:45:24');

-- --------------------------------------------------------

--
-- Table structure for table `wallet_coin`
--

CREATE TABLE `wallet_coin` (
  `id_wallet_coin` bigint(20) UNSIGNED NOT NULL,
  `id_jenis_coin` bigint(20) UNSIGNED NOT NULL,
  `id_wallet` bigint(20) UNSIGNED NOT NULL,
  `created_at` timestamp NULL DEFAULT NULL,
  `updated_at` timestamp NULL DEFAULT NULL
) ENGINE=InnoDB DEFAULT CHARSET=utf8mb4 COLLATE=utf8mb4_unicode_ci;

--
-- Dumping data for table `wallet_coin`
--

INSERT INTO `wallet_coin` (`id_wallet_coin`, `id_jenis_coin`, `id_wallet`, `created_at`, `updated_at`) VALUES
(1, 9, 1, '2022-01-20 16:37:30', '2022-01-20 16:37:37'),
(2, 65, 1, '2022-01-20 16:51:07', '2022-01-20 16:51:07'),
(6, 83, 1, '2022-01-24 07:22:43', '2022-01-24 07:22:43'),
(7, 8, 1, '2022-01-24 07:29:30', '2022-01-24 07:29:30'),
(9, 46, 1, '2022-01-24 07:38:04', '2022-01-24 07:38:04'),
(10, 63, 1, '2022-01-24 07:38:09', '2022-01-24 07:38:09'),
(11, 20, 1, '2022-01-24 07:38:14', '2022-01-24 07:38:14'),
(12, 60, 1, '2022-01-24 07:38:26', '2022-01-24 07:38:26'),
(13, 71, 1, '2022-01-24 07:38:31', '2022-01-24 07:38:31'),
(14, 59, 1, '2022-01-24 07:38:37', '2022-01-24 07:38:37'),
(15, 80, 1, '2022-01-24 07:38:41', '2022-01-24 07:38:41'),
(16, 17, 1, '2022-01-24 07:38:45', '2022-01-24 07:38:45'),
(17, 74, 1, '2022-01-24 07:38:48', '2022-01-24 07:38:48'),
(18, 69, 1, '2022-01-24 07:38:53', '2022-01-24 07:38:53'),
(19, 15, 1, '2022-01-24 07:39:05', '2022-01-24 07:39:05'),
(20, 66, 1, '2022-01-24 07:39:10', '2022-01-24 07:39:10'),
(21, 10, 1, '2022-01-24 07:39:15', '2022-01-24 07:39:15'),
(22, 24, 1, '2022-01-24 07:40:54', '2022-01-24 07:40:54'),
(23, 26, 1, '2022-01-24 07:41:00', '2022-01-24 07:41:00'),
(24, 27, 1, '2022-01-24 07:41:05', '2022-01-24 07:41:05'),
(25, 21, 1, '2022-01-24 07:41:13', '2022-01-24 07:41:13'),
(26, 48, 1, '2022-01-24 07:41:19', '2022-01-24 07:41:19'),
(27, 25, 1, '2022-01-24 07:41:24', '2022-01-24 07:41:24'),
(28, 5, 1, '2022-01-24 07:41:30', '2022-01-24 07:41:30'),
(29, 56, 1, '2022-01-24 07:41:37', '2022-01-24 07:41:37'),
(30, 68, 1, '2022-01-24 07:41:51', '2022-01-24 07:41:51'),
(31, 6, 1, '2022-01-24 07:41:55', '2022-01-24 07:41:55'),
(32, 78, 1, '2022-01-24 07:41:58', '2022-01-24 07:41:58'),
(33, 35, 1, '2022-01-24 07:42:09', '2022-01-24 07:42:09'),
(34, 81, 1, '2022-01-24 07:42:15', '2022-01-24 07:42:15'),
(35, 30, 1, '2022-01-24 07:42:20', '2022-01-24 07:42:20'),
(36, 58, 1, '2022-01-24 07:42:25', '2022-01-24 07:42:25'),
(37, 75, 1, '2022-01-24 07:42:29', '2022-01-24 07:42:29'),
(38, 77, 1, '2022-01-24 07:42:34', '2022-01-24 07:42:34'),
(39, 13, 1, '2022-01-24 07:42:38', '2022-01-24 07:42:38'),
(40, 41, 1, '2022-01-24 07:42:44', '2022-01-24 07:42:44'),
(41, 36, 1, '2022-01-24 07:42:50', '2022-01-24 07:42:50'),
(42, 73, 1, '2022-01-24 07:42:54', '2022-01-24 07:42:54'),
(43, 28, 1, '2022-01-24 07:42:59', '2022-01-24 07:42:59'),
(44, 42, 1, '2022-01-24 07:43:06', '2022-01-24 07:43:06'),
(45, 53, 1, '2022-01-24 07:43:17', '2022-01-24 07:43:17'),
(46, 72, 1, '2022-01-24 07:43:20', '2022-01-24 07:43:20'),
(47, 3, 1, '2022-01-24 07:43:31', '2022-01-24 07:43:31'),
(48, 70, 1, '2022-01-24 07:43:38', '2022-01-24 07:43:38'),
(49, 55, 1, '2022-01-24 07:43:43', '2022-01-24 07:43:43'),
(50, 31, 1, '2022-01-24 07:43:48', '2022-01-24 07:43:48'),
(51, 61, 1, '2022-01-24 07:44:59', '2022-01-24 07:44:59'),
(52, 76, 1, '2022-01-24 07:45:04', '2022-01-24 07:45:04'),
(53, 38, 1, '2022-01-24 07:45:08', '2022-01-24 07:45:08'),
(54, 62, 1, '2022-01-24 07:45:16', '2022-01-24 07:45:16'),
(55, 82, 1, '2022-01-24 07:45:21', '2022-01-24 07:45:21'),
(56, 79, 1, '2022-01-24 07:45:26', '2022-01-24 07:45:26'),
(57, 2, 1, '2022-01-24 07:45:30', '2022-01-24 07:45:30'),
(58, 50, 1, '2022-01-24 07:45:34', '2022-01-24 07:45:34'),
(59, 18, 1, '2022-01-24 07:45:37', '2022-01-24 07:45:37'),
(60, 4, 1, '2022-01-24 07:45:40', '2022-01-24 07:45:40'),
(61, 49, 1, '2022-01-24 07:45:43', '2022-01-24 07:45:43'),
(62, 19, 1, '2022-01-24 07:45:47', '2022-01-24 07:45:47'),
(63, 32, 1, '2022-01-24 07:45:52', '2022-01-24 07:45:52'),
(64, 23, 1, '2022-01-24 07:50:24', '2022-01-24 07:50:24'),
(65, 83, 2, '2022-01-24 08:05:42', '2022-01-24 08:05:42'),
(66, 23, 2, '2022-01-24 08:05:50', '2022-01-24 08:05:50'),
(67, 9, 2, '2022-01-24 08:06:21', '2022-01-24 08:06:21'),
(68, 63, 2, '2022-01-24 08:06:25', '2022-01-24 08:06:25'),
(69, 20, 2, '2022-01-24 08:06:27', '2022-01-24 08:06:27'),
(70, 59, 2, '2022-01-24 08:06:31', '2022-01-24 08:06:31'),
(71, 65, 2, '2022-01-24 08:06:36', '2022-01-24 08:06:36'),
(72, 10, 2, '2022-01-24 08:06:43', '2022-01-24 08:06:43'),
(73, 46, 2, '2022-01-24 08:06:47', '2022-01-24 08:06:47'),
(74, 60, 2, '2022-01-24 08:06:50', '2022-01-24 08:06:50'),
(75, 24, 2, '2022-01-24 08:06:53', '2022-01-24 08:06:53'),
(76, 66, 2, '2022-01-24 08:06:56', '2022-01-24 08:06:56'),
(77, 75, 2, '2022-01-24 08:06:58', '2022-01-24 08:06:58'),
(78, 70, 2, '2022-01-24 08:07:03', '2022-01-24 08:07:03'),
(79, 74, 2, '2022-01-24 08:07:06', '2022-01-24 08:07:06'),
(80, 51, 2, '2022-01-24 08:07:10', '2022-01-24 08:07:10'),
(81, 17, 2, '2022-01-24 08:07:12', '2022-01-24 08:07:12'),
(82, 80, 2, '2022-01-24 08:07:15', '2022-01-24 08:07:15'),
(83, 61, 2, '2022-01-24 08:07:18', '2022-01-24 08:07:18'),
(84, 32, 2, '2022-01-24 08:07:28', '2022-01-24 08:07:28'),
(85, 19, 2, '2022-01-24 08:07:36', '2022-01-24 08:07:36'),
(86, 8, 2, '2022-01-24 08:07:40', '2022-01-24 08:07:40'),
(87, 45, 2, '2022-01-24 08:07:43', '2022-01-24 08:07:43'),
(88, 6, 2, '2022-01-24 08:07:46', '2022-01-24 08:07:46'),
(89, 25, 2, '2022-01-24 08:07:49', '2022-01-24 08:07:49'),
(90, 35, 2, '2022-01-24 08:07:53', '2022-01-24 08:07:53'),
(91, 23, 3, '2022-01-24 08:08:53', '2022-01-24 08:08:53'),
(92, 83, 3, '2022-01-24 08:08:56', '2022-01-24 08:08:56'),
(93, 20, 3, '2022-01-24 08:09:01', '2022-01-24 08:09:01'),
(94, 59, 3, '2022-01-24 08:09:04', '2022-01-24 08:09:04'),
(95, 45, 3, '2022-01-24 08:09:06', '2022-01-24 08:09:06'),
(96, 46, 3, '2022-01-24 08:09:10', '2022-01-24 08:09:10'),
(97, 8, 3, '2022-01-24 08:09:13', '2022-01-24 08:09:13'),
(98, 83, 4, '2022-01-24 08:09:36', '2022-01-24 08:09:36'),
(99, 23, 4, '2022-01-24 08:09:44', '2022-01-24 08:09:44'),
(100, 22, 4, '2022-01-24 08:09:52', '2022-01-24 08:09:52'),
(101, 59, 4, '2022-01-24 08:09:54', '2022-01-24 08:09:54'),
(102, 74, 4, '2022-01-24 08:09:57', '2022-01-24 08:09:57'),
(103, 9, 4, '2022-01-24 08:10:04', '2022-01-24 08:10:04'),
(104, 34, 4, '2022-01-24 08:10:06', '2022-01-24 08:10:06'),
(105, 37, 4, '2022-01-24 08:10:08', '2022-01-24 08:10:08'),
(106, 15, 4, '2022-01-24 08:10:13', '2022-01-24 08:10:13'),
(107, 8, 4, '2022-01-24 08:10:16', '2022-01-24 08:10:16'),
(108, 12, 4, '2022-01-24 08:10:18', '2022-01-24 08:10:18'),
(109, 47, 4, '2022-01-24 08:10:23', '2022-01-24 08:10:23'),
(110, 39, 4, '2022-01-24 08:10:25', '2022-01-24 08:10:25'),
(111, 54, 4, '2022-01-24 08:10:27', '2022-01-24 08:10:27'),
(112, 60, 4, '2022-01-24 08:10:34', '2022-01-24 08:10:34'),
(113, 45, 4, '2022-01-24 08:10:36', '2022-01-24 08:10:36'),
(114, 43, 4, '2022-01-24 08:10:38', '2022-01-24 08:10:38'),
(115, 33, 4, '2022-01-24 08:10:47', '2022-01-24 08:10:47'),
(116, 67, 4, '2022-01-24 08:10:50', '2022-01-24 08:10:50'),
(117, 83, 5, '2022-01-24 08:13:06', '2022-01-24 08:13:06'),
(120, 23, 5, '2022-01-24 08:13:27', '2022-01-24 08:13:27'),
(121, 22, 5, '2022-01-24 08:13:29', '2022-01-24 08:13:29'),
(122, 15, 5, '2022-01-24 08:13:30', '2022-01-24 08:13:30'),
(123, 10, 5, '2022-01-24 08:13:44', '2022-01-24 08:13:44'),
(124, 74, 5, '2022-01-24 08:13:46', '2022-01-24 08:13:46'),
(125, 46, 5, '2022-01-24 08:13:48', '2022-01-24 08:13:48'),
(126, 52, 5, '2022-01-24 08:13:54', '2022-01-24 08:13:54'),
(127, 59, 5, '2022-01-24 08:13:56', '2022-01-24 08:13:56'),
(128, 45, 5, '2022-01-24 08:13:58', '2022-01-24 08:13:58'),
(129, 26, 5, '2022-01-24 08:14:04', '2022-01-24 08:14:04'),
(130, 69, 5, '2022-01-24 08:14:06', '2022-01-24 08:14:06'),
(131, 9, 5, '2022-01-24 08:14:09', '2022-01-24 08:14:09'),
(132, 34, 5, '2022-01-24 08:14:15', '2022-01-24 08:14:15'),
(133, 60, 5, '2022-01-24 08:14:17', '2022-01-24 08:14:17'),
(134, 25, 5, '2022-01-24 08:14:18', '2022-01-24 08:14:18'),
(135, 78, 5, '2022-01-24 08:14:24', '2022-01-24 08:14:24'),
(136, 14, 5, '2022-01-24 08:14:26', '2022-01-24 08:14:26'),
(137, 6, 5, '2022-01-24 08:14:28', '2022-01-24 08:14:28'),
(138, 16, 5, '2022-01-24 08:14:32', '2022-01-24 08:14:32'),
(139, 74, 6, '2022-01-24 08:16:26', '2022-01-24 08:16:26'),
(140, 23, 7, '2022-01-24 08:16:58', '2022-01-24 08:16:58'),
(141, 9, 7, '2022-01-24 08:17:02', '2022-01-24 08:17:02'),
(142, 60, 7, '2022-01-24 08:17:05', '2022-01-24 08:17:05'),
(143, 82, 8, '2022-01-24 08:17:44', '2022-01-24 08:17:44'),
(144, 9, 9, '2022-01-24 08:18:05', '2022-01-24 08:18:05'),
(145, 65, 9, '2022-01-24 08:18:08', '2022-01-24 08:18:08'),
(146, 6, 9, '2022-01-24 08:18:10', '2022-01-24 08:18:10'),
(147, 23, 9, '2022-01-24 08:18:15', '2022-01-24 08:18:15'),
(148, 14, 9, '2022-01-24 08:18:19', '2022-01-24 08:18:19'),
(149, 34, 9, '2022-01-24 08:18:23', '2022-01-24 08:18:23'),
(150, 25, 9, '2022-01-24 08:18:25', '2022-01-24 08:18:25'),
(151, 54, 9, '2022-01-24 08:18:29', '2022-01-24 08:18:29'),
(152, 60, 9, '2022-01-24 08:18:42', '2022-01-24 08:18:42'),
(153, 29, 9, '2022-01-24 08:18:44', '2022-01-24 08:18:44'),
(154, 49, 9, '2022-01-24 08:18:46', '2022-01-24 08:18:46'),
(155, 78, 9, '2022-01-24 08:18:52', '2022-01-24 08:18:52'),
(156, 73, 9, '2022-01-24 08:18:55', '2022-01-24 08:18:55'),
(157, 40, 9, '2022-01-24 08:18:59', '2022-01-24 08:18:59'),
(159, 64, 9, '2022-01-24 08:19:13', '2022-01-24 08:19:13'),
(160, 43, 9, '2022-01-24 08:19:21', '2022-01-24 08:19:21'),
(161, 56, 9, '2022-01-24 08:19:23', '2022-01-24 08:19:23'),
(162, 11, 9, '2022-01-24 08:19:26', '2022-01-24 08:19:26'),
(163, 5, 9, '2022-01-24 08:19:32', '2022-01-24 08:19:32'),
(164, 45, 9, '2022-01-24 08:19:34', '2022-01-24 08:19:34'),
(165, 15, 9, '2022-01-24 08:19:37', '2022-01-24 08:19:37'),
(166, 71, 9, '2022-01-24 08:19:41', '2022-01-24 08:19:41'),
(167, 68, 9, '2022-01-24 08:19:48', '2022-01-24 08:19:48'),
(168, 7, 9, '2022-01-24 08:19:50', '2022-01-24 08:19:50'),
(169, 41, 9, '2022-01-24 08:19:53', '2022-01-24 08:19:53'),
(170, 57, 9, '2022-01-24 08:19:57', '2022-01-24 08:19:57'),
(171, 83, 9, '2022-01-24 08:20:01', '2022-01-24 08:20:01'),
(172, 59, 9, '2022-01-24 08:20:06', '2022-01-24 08:20:06'),
(173, 44, 9, '2022-01-24 08:20:08', '2022-01-24 08:20:08'),
(174, 63, 10, '2022-01-24 08:21:52', '2022-01-24 08:21:52'),
(175, 65, 11, '2022-01-24 08:22:09', '2022-01-24 08:22:09'),
(176, 4, 12, '2022-01-24 08:22:31', '2022-01-24 08:22:31'),
(177, 65, 13, '2022-01-24 08:22:58', '2022-01-24 08:22:58'),
(178, 21, 14, '2022-01-24 08:23:22', '2022-01-24 08:23:22'),
(179, 8, 14, '2022-01-24 08:23:26', '2022-01-24 08:23:26'),
(180, 23, 14, '2022-01-24 08:23:32', '2022-01-24 08:23:32'),
(181, 83, 14, '2022-01-24 08:23:34', '2022-01-24 08:23:34'),
(182, 68, 16, '2022-01-27 14:25:42', '2022-01-27 14:25:42'),
(183, 66, 17, '2022-01-29 06:22:27', '2022-01-29 06:22:27'),
(184, 59, 18, '2022-01-29 06:34:30', '2022-01-29 06:34:30'),
(185, 45, 18, '2022-01-29 06:34:51', '2022-01-29 06:34:51'),
(186, 86, 18, '2022-01-29 06:47:36', '2022-01-29 06:47:36'),
(187, 87, 18, '2022-01-29 06:47:43', '2022-01-29 06:47:43'),
(188, 88, 18, '2022-01-29 06:47:51', '2022-01-29 06:47:51'),
(189, 89, 18, '2022-01-29 06:48:00', '2022-01-29 06:48:00'),
(190, 90, 18, '2022-01-29 06:48:06', '2022-01-29 06:48:06'),
(191, 83, 19, '2022-01-29 07:08:38', '2022-01-29 07:08:38'),
(192, 23, 19, '2022-01-29 07:08:43', '2022-01-29 07:08:43'),
(193, 34, 19, '2022-01-29 07:08:48', '2022-01-29 07:08:48'),
(194, 9, 19, '2022-01-29 07:08:55', '2022-01-29 07:08:55'),
(195, 54, 19, '2022-01-29 07:09:05', '2022-01-29 07:09:05'),
(196, 60, 19, '2022-01-29 07:09:10', '2022-01-29 07:09:10'),
(197, 6, 19, '2022-01-29 07:09:16', '2022-01-29 07:09:16'),
(198, 65, 19, '2022-01-29 07:09:21', '2022-01-29 07:09:21'),
(199, 63, 19, '2022-01-29 07:11:48', '2022-01-29 07:11:48'),
(200, 22, 19, '2022-01-29 07:12:00', '2022-01-29 07:12:00'),
(201, 46, 19, '2022-01-29 07:12:09', '2022-01-29 07:12:09'),
(202, 91, 19, '2022-01-29 07:12:37', '2022-01-29 07:12:37'),
(203, 10, 19, '2022-01-29 07:12:44', '2022-01-29 07:12:44'),
(204, 69, 19, '2022-01-29 07:12:49', '2022-01-29 07:12:49'),
(205, 74, 19, '2022-01-29 07:12:55', '2022-01-29 07:12:55'),
(206, 17, 19, '2022-01-29 07:12:59', '2022-01-29 07:12:59'),
(207, 15, 19, '2022-01-29 07:13:04', '2022-01-29 07:13:04'),
(208, 55, 19, '2022-01-29 07:13:10', '2022-01-29 07:13:10'),
(209, 24, 19, '2022-01-29 07:13:45', '2022-01-29 07:13:45'),
(210, 59, 19, '2022-01-29 07:13:50', '2022-01-29 07:13:50'),
(211, 45, 19, '2022-01-29 07:13:55', '2022-01-29 07:13:55'),
(212, 20, 19, '2022-01-29 07:14:04', '2022-01-29 07:14:04'),
(213, 43, 19, '2022-01-29 07:14:09', '2022-01-29 07:14:09'),
(214, 37, 19, '2022-01-29 07:14:13', '2022-01-29 07:14:13'),
(215, 92, 19, '2022-01-29 07:33:35', '2022-01-29 07:33:35');

-- --------------------------------------------------------

--
-- Table structure for table `wallet_network`
--

CREATE TABLE `wallet_network` (
  `id_wallet_network` bigint(20) UNSIGNED NOT NULL,
  `id_jenis_network` bigint(20) UNSIGNED NOT NULL,
  `id_wallet` bigint(20) UNSIGNED NOT NULL,
  `created_at` timestamp NULL DEFAULT NULL,
  `updated_at` timestamp NULL DEFAULT NULL
) ENGINE=InnoDB DEFAULT CHARSET=utf8mb4 COLLATE=utf8mb4_unicode_ci;

--
-- Dumping data for table `wallet_network`
--

INSERT INTO `wallet_network` (`id_wallet_network`, `id_jenis_network`, `id_wallet`, `created_at`, `updated_at`) VALUES
(1, 5, 1, '2022-01-20 16:38:05', '2022-01-20 16:38:10'),
(5, 16, 1, '2022-01-24 07:04:45', '2022-01-24 07:04:45'),
(6, 17, 1, '2022-01-24 07:28:24', '2022-01-24 07:28:24'),
(7, 44, 1, '2022-01-24 07:29:09', '2022-01-24 07:29:09'),
(9, 45, 1, '2022-01-24 07:46:01', '2022-01-24 07:46:01'),
(10, 22, 1, '2022-01-24 07:46:04', '2022-01-24 07:46:04'),
(11, 36, 1, '2022-01-24 07:46:07', '2022-01-24 07:46:07'),
(12, 10, 1, '2022-01-24 07:46:10', '2022-01-24 07:46:10'),
(13, 5, 2, '2022-01-24 08:08:00', '2022-01-24 08:08:00'),
(14, 16, 2, '2022-01-24 08:08:03', '2022-01-24 08:08:03'),
(15, 41, 2, '2022-01-24 08:08:07', '2022-01-24 08:08:07'),
(16, 38, 2, '2022-01-24 08:08:10', '2022-01-24 08:08:10'),
(17, 3, 2, '2022-01-24 08:08:12', '2022-01-24 08:08:12'),
(18, 18, 2, '2022-01-24 08:08:15', '2022-01-24 08:08:15'),
(19, 23, 2, '2022-01-24 08:08:20', '2022-01-24 08:08:20'),
(20, 46, 2, '2022-01-24 08:08:28', '2022-01-24 08:08:28'),
(21, 16, 3, '2022-01-24 08:09:19', '2022-01-24 08:09:19'),
(22, 6, 4, '2022-01-24 08:11:03', '2022-01-24 08:11:03'),
(23, 16, 4, '2022-01-24 08:11:05', '2022-01-24 08:11:05'),
(24, 15, 4, '2022-01-24 08:11:07', '2022-01-24 08:11:07'),
(25, 37, 4, '2022-01-24 08:11:11', '2022-01-24 08:11:11'),
(26, 46, 4, '2022-01-24 08:11:13', '2022-01-24 08:11:13'),
(27, 5, 4, '2022-01-24 08:11:19', '2022-01-24 08:11:19'),
(28, 23, 4, '2022-01-24 08:11:26', '2022-01-24 08:11:26'),
(29, 24, 4, '2022-01-24 08:11:27', '2022-01-24 08:11:27'),
(30, 12, 4, '2022-01-24 08:11:29', '2022-01-24 08:11:29'),
(31, 4, 4, '2022-01-24 08:11:31', '2022-01-24 08:11:31'),
(32, 9, 4, '2022-01-24 08:11:38', '2022-01-24 08:11:38'),
(33, 31, 4, '2022-01-24 08:11:40', '2022-01-24 08:11:40'),
(34, 25, 4, '2022-01-24 08:11:41', '2022-01-24 08:11:41'),
(36, 34, 4, '2022-01-24 08:11:50', '2022-01-24 08:11:50'),
(37, 38, 4, '2022-01-24 08:12:00', '2022-01-24 08:12:00'),
(38, 29, 4, '2022-01-24 08:12:03', '2022-01-24 08:12:03'),
(39, 27, 4, '2022-01-24 08:12:04', '2022-01-24 08:12:04'),
(40, 21, 4, '2022-01-24 08:12:06', '2022-01-24 08:12:06'),
(41, 42, 4, '2022-01-24 08:12:08', '2022-01-24 08:12:08'),
(42, 6, 5, '2022-01-24 08:14:41', '2022-01-24 08:14:41'),
(43, 16, 5, '2022-01-24 08:14:50', '2022-01-24 08:14:50'),
(44, 15, 5, '2022-01-24 08:14:57', '2022-01-24 08:14:57'),
(45, 12, 5, '2022-01-24 08:15:00', '2022-01-24 08:15:00'),
(46, 7, 5, '2022-01-24 08:15:03', '2022-01-24 08:15:03'),
(47, 46, 5, '2022-01-24 08:15:05', '2022-01-24 08:15:05'),
(48, 30, 5, '2022-01-24 08:15:11', '2022-01-24 08:15:11'),
(49, 33, 5, '2022-01-24 08:15:13', '2022-01-24 08:15:13'),
(50, 37, 5, '2022-01-24 08:15:14', '2022-01-24 08:15:14'),
(51, 29, 5, '2022-01-24 08:15:27', '2022-01-24 08:15:27'),
(52, 19, 5, '2022-01-24 08:15:30', '2022-01-24 08:15:30'),
(53, 43, 5, '2022-01-24 08:15:32', '2022-01-24 08:15:32'),
(54, 5, 5, '2022-01-24 08:15:37', '2022-01-24 08:15:37'),
(55, 23, 5, '2022-01-24 08:15:39', '2022-01-24 08:15:39'),
(56, 38, 5, '2022-01-24 08:15:41', '2022-01-24 08:15:41'),
(57, 18, 5, '2022-01-24 08:15:48', '2022-01-24 08:15:48'),
(58, 47, 5, '2022-01-24 08:15:49', '2022-01-24 08:15:49'),
(59, 11, 5, '2022-01-24 08:15:51', '2022-01-24 08:15:51'),
(60, 3, 5, '2022-01-24 08:15:54', '2022-01-24 08:15:54'),
(61, 13, 5, '2022-01-24 08:15:56', '2022-01-24 08:15:56'),
(62, 46, 6, '2022-01-24 08:16:27', '2022-01-24 08:16:27'),
(63, 16, 7, '2022-01-24 08:17:10', '2022-01-24 08:17:10'),
(65, 5, 7, '2022-01-24 08:17:19', '2022-01-24 08:17:19'),
(66, 38, 7, '2022-01-24 08:17:22', '2022-01-24 08:17:22'),
(67, 48, 8, '2022-01-24 08:17:46', '2022-01-24 08:17:46'),
(68, 5, 9, '2022-01-24 08:20:13', '2022-01-24 08:20:13'),
(69, 41, 9, '2022-01-24 08:20:16', '2022-01-24 08:20:16'),
(70, 3, 9, '2022-01-24 08:20:18', '2022-01-24 08:20:18'),
(71, 16, 9, '2022-01-24 08:20:21', '2022-01-24 08:20:21'),
(72, 11, 9, '2022-01-24 08:20:25', '2022-01-24 08:20:25'),
(73, 23, 9, '2022-01-24 08:20:33', '2022-01-24 08:20:33'),
(74, 18, 9, '2022-01-24 08:20:39', '2022-01-24 08:20:39'),
(75, 28, 9, '2022-01-24 08:20:42', '2022-01-24 08:20:42'),
(76, 34, 9, '2022-01-24 08:20:50', '2022-01-24 08:20:50'),
(77, 38, 9, '2022-01-24 08:20:53', '2022-01-24 08:20:53'),
(78, 20, 9, '2022-01-24 08:20:56', '2022-01-24 08:20:56'),
(79, 32, 9, '2022-01-24 08:21:00', '2022-01-24 08:21:00'),
(80, 47, 9, '2022-01-24 08:21:02', '2022-01-24 08:21:02'),
(81, 45, 9, '2022-01-24 08:21:07', '2022-01-24 08:21:07'),
(82, 26, 9, '2022-01-24 08:21:10', '2022-01-24 08:21:10'),
(83, 40, 9, '2022-01-24 08:21:14', '2022-01-24 08:21:14'),
(84, 27, 9, '2022-01-24 08:21:21', '2022-01-24 08:21:21'),
(85, 35, 9, '2022-01-24 08:21:23', '2022-01-24 08:21:23'),
(86, 8, 9, '2022-01-24 08:21:25', '2022-01-24 08:21:25'),
(87, 2, 9, '2022-01-24 08:21:27', '2022-01-24 08:21:27'),
(88, 39, 10, '2022-01-24 08:21:54', '2022-01-24 08:21:54'),
(89, 41, 11, '2022-01-24 08:22:11', '2022-01-24 08:22:11'),
(90, 1, 12, '2022-01-24 08:22:33', '2022-01-24 08:22:33'),
(91, 41, 13, '2022-01-24 08:23:00', '2022-01-24 08:23:00'),
(92, 14, 14, '2022-01-24 08:23:37', '2022-01-24 08:23:37'),
(93, 51, 16, '2022-01-27 14:26:03', '2022-01-27 14:26:03'),
(94, 52, 17, '2022-01-29 06:24:06', '2022-01-29 06:24:06'),
(95, 37, 18, '2022-01-29 06:34:34', '2022-01-29 06:34:34'),
(96, 29, 18, '2022-01-29 06:35:02', '2022-01-29 06:35:02'),
(97, 53, 18, '2022-01-29 06:47:38', '2022-01-29 06:47:38'),
(98, 54, 18, '2022-01-29 06:48:12', '2022-01-29 06:48:12'),
(99, 55, 18, '2022-01-29 06:48:15', '2022-01-29 06:48:15'),
(100, 56, 18, '2022-01-29 06:48:17', '2022-01-29 06:48:17'),
(101, 57, 18, '2022-01-29 06:48:19', '2022-01-29 06:48:19'),
(102, 16, 19, '2022-01-29 07:15:10', '2022-01-29 07:15:10'),
(103, 23, 19, '2022-01-29 07:15:15', '2022-01-29 07:15:15'),
(104, 5, 19, '2022-01-29 07:15:25', '2022-01-29 07:15:25'),
(105, 38, 19, '2022-01-29 07:15:32', '2022-01-29 07:15:32'),
(106, 41, 19, '2022-01-29 07:15:38', '2022-01-29 07:15:38'),
(107, 3, 19, '2022-01-29 07:15:44', '2022-01-29 07:15:44'),
(108, 46, 19, '2022-01-29 07:15:50', '2022-01-29 07:15:50'),
(109, 34, 19, '2022-01-29 07:15:58', '2022-01-29 07:15:58');

--
-- Indexes for dumped tables
--

--
-- Indexes for table `arcategory`
--
ALTER TABLE `arcategory`
  ADD PRIMARY KEY (`id_arcategory`),
  ADD KEY `id_artikel` (`id_artikel`);

--
-- Indexes for table `artikel`
--
ALTER TABLE `artikel`
  ADD PRIMARY KEY (`id_artikel`);

--
-- Indexes for table `crypto_wallet`
--
ALTER TABLE `crypto_wallet`
  ADD PRIMARY KEY (`id_wallet`);

--
-- Indexes for table `failed_jobs`
--
ALTER TABLE `failed_jobs`
  ADD PRIMARY KEY (`id`);

--
-- Indexes for table `jenis_coin`
--
ALTER TABLE `jenis_coin`
  ADD PRIMARY KEY (`id_jenis_coin`);

--
-- Indexes for table `jenis_network`
--
ALTER TABLE `jenis_network`
  ADD PRIMARY KEY (`id_jenis_network`);

--
-- Indexes for table `migrations`
--
ALTER TABLE `migrations`
  ADD PRIMARY KEY (`id`);

--
-- Indexes for table `model_has_permissions`
--
ALTER TABLE `model_has_permissions`
  ADD PRIMARY KEY (`permission_id`,`model_id`,`model_type`),
  ADD KEY `model_has_permissions_model_id_model_type_index` (`model_id`,`model_type`);

--
-- Indexes for table `model_has_roles`
--
ALTER TABLE `model_has_roles`
  ADD PRIMARY KEY (`role_id`,`model_id`,`model_type`),
  ADD KEY `model_has_roles_model_id_model_type_index` (`model_id`,`model_type`);

--
-- Indexes for table `password_resets`
--
ALTER TABLE `password_resets`
  ADD KEY `password_resets_email_index` (`email`);

--
-- Indexes for table `permissions`
--
ALTER TABLE `permissions`
  ADD PRIMARY KEY (`id`),
  ADD UNIQUE KEY `permissions_name_guard_name_unique` (`name`,`guard_name`);

--
-- Indexes for table `roles`
--
ALTER TABLE `roles`
  ADD PRIMARY KEY (`id`),
  ADD UNIQUE KEY `roles_name_guard_name_unique` (`name`,`guard_name`);

--
-- Indexes for table `role_has_permissions`
--
ALTER TABLE `role_has_permissions`
  ADD PRIMARY KEY (`permission_id`,`role_id`),
  ADD KEY `role_has_permissions_role_id_foreign` (`role_id`);

--
-- Indexes for table `users`
--
ALTER TABLE `users`
  ADD PRIMARY KEY (`id`),
  ADD UNIQUE KEY `users_username_unique` (`username`),
  ADD UNIQUE KEY `users_email_unique` (`email`);

--
-- Indexes for table `wallet_coin`
--
ALTER TABLE `wallet_coin`
  ADD PRIMARY KEY (`id_wallet_coin`),
  ADD KEY `id_wallet` (`id_wallet`),
  ADD KEY `id_jenis_coin` (`id_jenis_coin`);

--
-- Indexes for table `wallet_network`
--
ALTER TABLE `wallet_network`
  ADD PRIMARY KEY (`id_wallet_network`),
  ADD KEY `id_jenis_network` (`id_jenis_network`),
  ADD KEY `id_wallet` (`id_wallet`);

--
-- AUTO_INCREMENT for dumped tables
--

--
-- AUTO_INCREMENT for table `arcategory`
--
ALTER TABLE `arcategory`
  MODIFY `id_arcategory` bigint(20) NOT NULL AUTO_INCREMENT, AUTO_INCREMENT=7;

--
-- AUTO_INCREMENT for table `artikel`
--
ALTER TABLE `artikel`
  MODIFY `id_artikel` bigint(20) NOT NULL AUTO_INCREMENT, AUTO_INCREMENT=7;

--
-- AUTO_INCREMENT for table `crypto_wallet`
--
ALTER TABLE `crypto_wallet`
  MODIFY `id_wallet` bigint(20) UNSIGNED NOT NULL AUTO_INCREMENT, AUTO_INCREMENT=20;

--
-- AUTO_INCREMENT for table `failed_jobs`
--
ALTER TABLE `failed_jobs`
  MODIFY `id` bigint(20) UNSIGNED NOT NULL AUTO_INCREMENT;

--
-- AUTO_INCREMENT for table `jenis_coin`
--
ALTER TABLE `jenis_coin`
  MODIFY `id_jenis_coin` bigint(20) UNSIGNED NOT NULL AUTO_INCREMENT, AUTO_INCREMENT=93;

--
-- AUTO_INCREMENT for table `jenis_network`
--
ALTER TABLE `jenis_network`
  MODIFY `id_jenis_network` bigint(20) UNSIGNED NOT NULL AUTO_INCREMENT, AUTO_INCREMENT=58;

--
-- AUTO_INCREMENT for table `migrations`
--
ALTER TABLE `migrations`
  MODIFY `id` int(10) UNSIGNED NOT NULL AUTO_INCREMENT, AUTO_INCREMENT=36;

--
-- AUTO_INCREMENT for table `permissions`
--
ALTER TABLE `permissions`
  MODIFY `id` bigint(20) UNSIGNED NOT NULL AUTO_INCREMENT;

--
-- AUTO_INCREMENT for table `roles`
--
ALTER TABLE `roles`
  MODIFY `id` bigint(20) UNSIGNED NOT NULL AUTO_INCREMENT, AUTO_INCREMENT=3;

--
-- AUTO_INCREMENT for table `users`
--
ALTER TABLE `users`
  MODIFY `id` bigint(20) UNSIGNED NOT NULL AUTO_INCREMENT, AUTO_INCREMENT=2;

--
-- AUTO_INCREMENT for table `wallet_coin`
--
ALTER TABLE `wallet_coin`
  MODIFY `id_wallet_coin` bigint(20) UNSIGNED NOT NULL AUTO_INCREMENT, AUTO_INCREMENT=216;

--
-- AUTO_INCREMENT for table `wallet_network`
--
ALTER TABLE `wallet_network`
  MODIFY `id_wallet_network` bigint(20) UNSIGNED NOT NULL AUTO_INCREMENT, AUTO_INCREMENT=110;

--
-- Constraints for dumped tables
--

--
-- Constraints for table `arcategory`
--
ALTER TABLE `arcategory`
  ADD CONSTRAINT `arcategory_ibfk_1` FOREIGN KEY (`id_artikel`) REFERENCES `artikel` (`id_artikel`) ON DELETE CASCADE ON UPDATE CASCADE;

--
-- Constraints for table `model_has_permissions`
--
ALTER TABLE `model_has_permissions`
  ADD CONSTRAINT `model_has_permissions_permission_id_foreign` FOREIGN KEY (`permission_id`) REFERENCES `permissions` (`id`) ON DELETE CASCADE;

--
-- Constraints for table `model_has_roles`
--
ALTER TABLE `model_has_roles`
  ADD CONSTRAINT `model_has_roles_role_id_foreign` FOREIGN KEY (`role_id`) REFERENCES `roles` (`id`) ON DELETE CASCADE;

--
-- Constraints for table `role_has_permissions`
--
ALTER TABLE `role_has_permissions`
  ADD CONSTRAINT `role_has_permissions_permission_id_foreign` FOREIGN KEY (`permission_id`) REFERENCES `permissions` (`id`) ON DELETE CASCADE,
  ADD CONSTRAINT `role_has_permissions_role_id_foreign` FOREIGN KEY (`role_id`) REFERENCES `roles` (`id`) ON DELETE CASCADE;

--
-- Constraints for table `wallet_coin`
--
ALTER TABLE `wallet_coin`
  ADD CONSTRAINT `wallet_coin_ibfk_1` FOREIGN KEY (`id_wallet`) REFERENCES `crypto_wallet` (`id_wallet`) ON DELETE CASCADE ON UPDATE CASCADE,
  ADD CONSTRAINT `wallet_coin_ibfk_2` FOREIGN KEY (`id_jenis_coin`) REFERENCES `jenis_coin` (`id_jenis_coin`);

--
-- Constraints for table `wallet_network`
--
ALTER TABLE `wallet_network`
  ADD CONSTRAINT `wallet_network_ibfk_1` FOREIGN KEY (`id_jenis_network`) REFERENCES `jenis_network` (`id_jenis_network`) ON DELETE CASCADE ON UPDATE CASCADE,
  ADD CONSTRAINT `wallet_network_ibfk_2` FOREIGN KEY (`id_wallet`) REFERENCES `crypto_wallet` (`id_wallet`) ON DELETE CASCADE ON UPDATE CASCADE;
COMMIT;

/*!40101 SET CHARACTER_SET_CLIENT=@OLD_CHARACTER_SET_CLIENT */;
/*!40101 SET CHARACTER_SET_RESULTS=@OLD_CHARACTER_SET_RESULTS */;
/*!40101 SET COLLATION_CONNECTION=@OLD_COLLATION_CONNECTION */;
